{
    "very_simple_pipeline": {
        "grizzly": {
            "0.01": {
                "grizzly": {
                    "times": [
                        0.25254344940185547,
                        0.25298404693603516,
                        0.25961971282958984,
                        0.2491443157196045,
                        0.2544989585876465
                    ],
                    "avg": 0.2537580966949463,
                    "med": 0.25298404693603516
                }
            },
            "0.1": {
                "grizzly": {
                    "times": [
                        0.6268455982208252,
                        0.6312100887298584,
                        0.6278514862060547,
                        0.6372871398925781,
                        0.6266810894012451
                    ],
                    "avg": 0.6299750804901123,
                    "med": 0.6278514862060547
                }
            },
            "1.0": {
                "grizzly": {
                    "times": [
                        2.6271660327911377,
                        2.63201642036438,
                        2.6356685161590576,
                        2.641658067703247,
                        2.634484052658081
                    ],
                    "avg": 2.634198617935181,
                    "med": 2.634484052658081
                }
            },
            "5.0": {
                "grizzly": {
                    "times": [
                        11.968815565109253,
                        11.927090167999268,
                        12.004751682281494,
                        12.043731212615967,
                        11.908594846725464
                    ],
                    "avg": 11.97059669494629,
                    "med": 11.968815565109253
                }
            },
            "10.0": {
                "grizzly": {
                    "times": [
                        23.6054744720459,
                        23.446613311767578,
                        23.684679985046387,
                        23.698007583618164,
                        23.59268617630005
                    ],
                    "avg": 23.605492305755615,
                    "med": 23.6054744720459
                }
            }
        },
        "sql_native": {
            "0.01": {
                "sql_native": {
                    "times": [
                        0.193864107131958,
                        0.19829773902893066,
                        0.19468164443969727,
                        0.19606256484985352,
                        0.19758272171020508
                    ],
                    "avg": 0.1960977554321289,
                    "med": 0.19606256484985352
                }
            },
            "0.1": {
                "sql_native": {
                    "times": [
                        0.38025856018066406,
                        0.3433229923248291,
                        0.34088897705078125,
                        0.3479459285736084,
                        0.35161399841308594
                    ],
                    "avg": 0.35280609130859375,
                    "med": 0.3479459285736084
                }
            },
            "1.0": {
                "sql_native": {
                    "times": [
                        1.827256679534912,
                        1.8278656005859375,
                        1.8267719745635986,
                        1.9886360168457031,
                        1.8496086597442627
                    ],
                    "avg": 1.8640277862548829,
                    "med": 1.8278656005859375
                }
            },
            "5.0": {
                "sql_native": {
                    "times": [
                        8.949323415756226,
                        8.874643802642822,
                        9.217094659805298,
                        8.784444570541382,
                        8.844009160995483
                    ],
                    "avg": 8.933903121948243,
                    "med": 8.874643802642822
                }
            },
            "10.0": {
                "sql_native": {
                    "times": [
                        17.66008949279785,
                        17.797487497329712,
                        17.572253227233887,
                        17.648247957229614,
                        17.99929428100586
                    ],
                    "avg": 17.735474491119383,
                    "med": 17.66008949279785
                }
            }
        }
    },
    "simple_pipeline": {
        "grizzly": {
            "0.01": {
                "grizzly": {
                    "times": [
                        0.6187307834625244,
                        0.4803483486175537,
                        0.5217764377593994,
                        0.48254919052124023,
                        0.5125744342803955
                    ],
                    "avg": 0.5231958389282226,
                    "med": 0.5125744342803955
                }
            },
            "0.1": {
                "grizzly": {
                    "times": [
                        0.9687981605529785,
                        0.9639143943786621,
                        0.9661803245544434,
                        0.9896934032440186,
                        0.9608943462371826
                    ],
                    "avg": 0.9698961257934571,
                    "med": 0.9661803245544434
                }
            },
            "1.0": {
                "grizzly": {
                    "times": [
                        4.505949258804321,
                        4.5191826820373535,
                        4.530757665634155,
                        4.497028827667236,
                        4.508364200592041
                    ],
                    "avg": 4.512256526947022,
                    "med": 4.508364200592041
                }
            },
            "5.0": {
                "grizzly": {
                    "times": [
                        20.339855194091797,
                        20.324493169784546,
                        20.40693759918213,
                        20.38042688369751,
                        20.26540184020996
                    ],
                    "avg": 20.34342293739319,
                    "med": 20.339855194091797
                }
            },
            "10.0": {
                "grizzly": {
                    "times": [
                        40.31876301765442,
                        40.37132382392883,
                        40.280253648757935,
                        40.30182647705078,
                        40.321491718292236
                    ],
                    "avg": 40.318731737136844,
                    "med": 40.31876301765442
                }
            }
        },
        "sql_native": {
            "0.01": {
                "sql_native": {
                    "times": [
                        0.21335577964782715,
                        0.2070629596710205,
                        0.2030341625213623,
                        0.20271611213684082,
                        0.19837403297424316
                    ],
                    "avg": 0.2049086093902588,
                    "med": 0.2030341625213623
                }
            },
            "0.1": {
                "sql_native": {
                    "times": [
                        0.42606425285339355,
                        0.4027128219604492,
                        0.4006946086883545,
                        0.4096202850341797,
                        0.40300822257995605
                    ],
                    "avg": 0.4084200382232666,
                    "med": 0.40300822257995605
                }
            },