{
    "head": {
        "head_very_simple_pipeline.py": {
            "0.01": {
                "grizzly": {
                    "times": [
                        0.2550373077392578,
                        0.24813294410705566,
                        0.2569580078125,
                        0.25069117546081543,
                        0.25632500648498535
                    ],
                    "avg": 0.25342888832092286,
                    "med": 0.2550373077392578
                }
            },
            "0.1": {
                "grizzly": {
                    "times": [
                        0.6848673820495605,
                        0.6677517890930176,
                        0.6746006011962891,
                        0.6661767959594727,
                        0.6669690608978271
                    ],
                    "avg": 0.6720731258392334,
                    "med": 0.6677517890930176
                }
            },
            "1.0": {
                "grizzly": {
                    "times": [
                        3.1024625301361084,
                        3.0110011100769043,
                        3.0061845779418945,
                        3.0379350185394287,
                        3.0415427684783936
                    ],
                    "avg": 3.039825201034546,
                    "med": 3.0379350185394287
                }
            },
            "5.0": {
                "grizzly": {
                    "times": [
                        13.962748289108276,
                        13.857982635498047,
                        13.847662687301636,
                        13.84031081199646,
                        13.76332950592041
                    ],
                    "avg": 13.854406785964965,
                    "med": 13.847662687301636
                }
            },
            "10.0": {
                "grizzly": {
                    "times": [
                        27.496562242507935,
                        27.14036536216736,
                        27.303761959075928,
                        27.29096245765686,
                        27.242780208587646
                    ],
                    "avg": 27.294886445999147,
                    "med": 27.29096245765686
                }
            }
        },
        "head_simple_pipeline.py": {
            "0.01": {
                "grizzly": {
                    "times": [
                        0.5165579319000244,
                        0.5417609214782715,
                        0.48604607582092285,
                        0.5290086269378662,
                        0.47678446769714355
                    ],
                    "avg": 0.5100316047668457,
                    "med": 0.5165579319000244
                }
            },
            "0.1": {
                "grizzly": {
                    "times": [
                        0.977428674697876,
                        0.9853267669677734,
                        0.9783425331115723,
                        1.0229663848876953,
                        0.972522497177124
                    ],
                    "avg": 0.9873173713684082,
                    "med": 0.9783425331115723
                }
            },
            "1.0": {
                "grizzly": {
                    "times": [
                        4.690751075744629,
                        4.711861610412598,
                        4.696845769882202,
                        4.693673133850098,
                        4.680917263031006
                    ],
                    "avg": 4.694809770584106,
                    "med": 4.693673133850098
                }
            },
            "5.0": {
                "grizzly": {
                    "times": [
                        21.24794602394104,
                        21.294253826141357,
                        21.541571140289307,
                        21.204168796539307,
                        21.367350816726685
                    ],
                    "avg": 21.33105812072754,
                    "med": 21.294253826141357
                }
            },
            "10.0": {
                "grizzly": {
                    "times": [
                        42.020267486572266,
                        42.0216064453125,
                        41.87342309951782,
                        41.84006333351135,
                        42.00325584411621
                    ],
                    "avg": 41.95172324180603,
                    "med": 42.00325584411621
                }
            }
        },
        "head_medium_pipeline.py": {
            "0.01": {
                "grizzly": {
                    "times": [
                        0.6230144500732422,
                        0.6254734992980957,
                        0.6282572746276855,
                        0.6318085193634033,
                        0.6227037906646729
                    ],
                    "avg": 0.62625150680542,
                    "med": 0.6254734992980957
                }
            },
            "0.1": {
                "grizzly": {
                    "times": [
                        1.7091529369354248,
                        1.6984009742736816,
                        1.7071888446807861,
                        1.7112514972686768,
                        1.7157268524169922
                    ],
                    "avg": 1.7083442211151123,
                    "med": 1.7091529369354248
                }
            },
            "1.0": {
                "grizzly": {
                    "times": [
                        9.694878101348877,
                        9.600757122039795,
                        9.61116099357605,
                        9.599848985671997,
                        9.590986728668213
                    ],
                    "avg": 9.619526386260986,
                    "med": 9.600757122039795
                }
            },
            "5.0": {
                "grizzly": {
                    "times": [
                        45.94238877296448,
                        45.897695779800415,
                        45.953068256378174,
                        46.32028841972351,
                        45.7706515789032
                    ],
                    "avg": 45.976818561553955,
                    "med": 45.94238877296448
                }
            },
            "10.0": {
                "grizzly": {
                    "times": [
                        90.99056220054626,
                        91.80474066734314,
                        91.12870454788208,
                        92.04906582832336,
                        90.94301295280457
                    ],
                    "avg": 91.38321723937989,
                    "med": 91.12870454788208
                }
            }
        }
    }
}