{
    "uda_simple_pipeline.py": {
        "0.01": {
            "setup": {
                "times": [
                    0.411639928817749,
                    0.36753320693969727,
                    0.3701941967010498,
                    0.40181946754455566,
                    0.37444138526916504
                ],
                "avg": 0.38512563705444336,
                "med": 0.37444138526916504
            },
            "converted": {
                "times": [
                    0.46378397941589355,
                    0.40448760986328125,
                    0.41330742835998535,
                    0.412400484085083,
                    0.4122917652130127
                ],
                "avg": 0.42125425338745115,
                "med": 0.412400484085083
            },
            "original": {
                "times": [
                    0.541433572769165,
                    0.5365960597991943,
                    0.5428123474121094,
                    0.5405688285827637,
                    0.5366084575653076
                ],
                "avg": 0.539603853225708,
                "med": 0.5405688285827637
            }
        },
        "0.1": {
            "setup": {
                "times": [
                    0.3936195373535156,
                    0.37317609786987305,
                    0.3769052028656006,
                    0.37220120429992676,
                    0.37041687965393066
                ],
                "avg": 0.37726378440856934,
                "med": 0.37317609786987305
            },
            "converted": {
                "times": [
                    1.1365854740142822,
                    0.7428774833679199,
                    0.7385363578796387,
                    0.7392246723175049,
                    0.7363572120666504
                ],
                "avg": 0.8187162399291992,
                "med": 0.7392246723175049
            },
            "original": {
                "times": [
                    2.0460264682769775,
                    2.0394999980926514,
                    2.0672800540924072,
                    2.0520784854888916,
                    2.0742876529693604
                ],
                "avg": 2.0558345317840576,
                "med": 2.0520784854888916
            }
        },
        "1.0": {
            "setup": {
                "times": [
                    0.3792555332183838,
                    0.3742187023162842,
                    0.3703775405883789,
                    0.3729696273803711,
                    0.37078213691711426
                ],
                "avg": 0.3735207080841064,
                "med": 0.3729696273803711
            },
            "converted": {
                "times": [
                    4.24031662940979,
                    4.127745628356934,
                    4.123886823654175,
                    4.1601033210754395,
                    4.08812689781189
                ],
                "avg": 4.148035860061645,
                "med": 4.127745628356934
            },
            "original": {
                "times": [
                    17.175459623336792,
                    17.2241952419281,
                    17.28900408744812,
                    17.317132711410522,
                    17.237303972244263
                ],
                "avg": 17.24861912727356,
                "med": 17.237303972244263
            }
        },
        "5.0": {
            "setup": {
                "times": [
                    0.37851452827453613,
                    0.3785243034362793,
                    0.37293219566345215,
                    0.36869096755981445,
                    0.37096071243286133
                ],
                "avg": 0.37392454147338866,
                "med": 0.37293219566345215
            },
            "converted": {
                "times": [
                    17.27522850036621,
                    17.033951997756958,
                    17.053662061691284,
                    17.013002395629883,
                    16.954052925109863
                ],
                "avg": 17.06597957611084,
                "med": 17.033951997756958
            },
            "original": {
                "times": [
                    84.13677215576172,
                    84.79576349258423,
                    84.39924669265747,
                    84.14011001586914,
                    85.23097634315491
                ],
                "avg": 84.5405737400055,
                "med": 84.39924669265747
            }
        },
        "10.0": {
            "setup": {
                "times": [
                    0.37546730041503906,
                    0.37236905097961426,
                    0.3737053871154785,
                    0.3717498779296875,
                    0.36934471130371094
                ],
                "avg": 0.3725272655487061,
                "med": 0.37236905097961426
            },
            "converted": {
                "times": [
                    34.34334754943848,
                    33.82921266555786,
                    33.498621463775635,
                    33.58831572532654,
                    33.74384427070618
                ],
                "avg": 33.80066833496094,
                "med": 33.74384427070618
            },
            "original": {
                "times": [
                    169.44712853431702,
                    169.75377655029297,
                    173.9133107662201,
                    173.566725730896,
                    173.57695960998535
                ],
                "avg": 172.0515802383423,
                "med": 173.566725730896
            }
        }
    }
}