{
    "uda_simple_pipeline.py": {
        "0.01": {
            "setup": {
                "times": [
                    0.44067978858947754
                ],
                "avg": 0.44067978858947754,
                "med": 0.44067978858947754
            },
            "converted": {
                "times": [
                    0.4170405864715576
                ],
                "avg": 0.4170405864715576,
                "med": 0.4170405864715576
            },
            "original": {
                "times": [
                    0.5416865348815918
                ],
                "avg": 0.5416865348815918,
                "med": 0.5416865348815918
            }
        },
        "0.1": {
            "setup": {
                "times": [
                    0.3677346706390381
                ],
                "avg": 0.3677346706390381,
                "med": 0.3677346706390381
            },
            "converted": {
                "times": [
                    0.7407245635986328
                ],
                "avg": 0.7407245635986328,
                "med": 0.7407245635986328
            },
            "original": {
                "times": [
                    2.043954372406006
                ],
                "avg": 2.043954372406006,
                "med": 2.043954372406006
            }
        },
        "1.0": {
            "setup": {
                "times": [
                    0.3701965808868408
                ],
                "avg": 0.3701965808868408,
                "med": 0.3701965808868408
            },
            "converted": {
                "times": [
                    4.137564659118652
                ],
                "avg": 4.137564659118652,
                "med": 4.137564659118652
            },
            "original": {
                "times": [
                    17.041271209716797
                ],
                "avg": 17.041271209716797,
                "med": 17.041271209716797
            }
        },
        "5.0": {
            "setup": {
                "times": [
                    0.36800503730773926
                ],
                "avg": 0.36800503730773926,
                "med": 0.36800503730773926
            },
            "converted": {
                "times": [
                    17.358818292617798
                ],
                "avg": 17.358818292617798,
                "med": 17.358818292617798
            },
            "original": {
                "times": [
                    84.58140277862549
                ],
                "avg": 84.58140277862549,
                "med": 84.58140277862549
            }
        },
        "10.0": {
            "setup": {
                "times": [
                    0.371326208114624
                ],
                "avg": 0.371326208114624,
                "med": 0.371326208114624
            },
            "converted": {
                "times": [
                    33.84116983413696
                ],
                "avg": 33.84116983413696,
                "med": 33.84116983413696
            },
            "original": {
                "times": [
                    170.15780210494995
                ],
                "avg": 170.15780210494995,
                "med": 170.15780210494995
            }
        }
    }
}