{
    "uda_simple_pipeline.py": {
        "0.01": {
            "setup": {
                "times": [
                    0.370145320892334,
                    0.36545491218566895,
                    0.360166072845459,
                    0.3622555732727051,
                    0.35967469215393066
                ],
                "avg": 0.3635393142700195,
                "med": 0.3622555732727051
            },
            "converted": {
                "times": [
                    0.4115102291107178,
                    0.4034423828125,
                    0.41426920890808105,
                    0.406444787979126,
                    0.41226887702941895
                ],
                "avg": 0.40958709716796876,
                "med": 0.4115102291107178
            },
            "original": {
                "times": [
                    0.5653960704803467,
                    0.5664026737213135,
                    0.5599985122680664,
                    0.5651426315307617,
                    0.5653808116912842
                ],
                "avg": 0.5644641399383545,
                "med": 0.5653808116912842
            }
        },
        "0.1": {
            "setup": {
                "times": [
                    0.3622417449951172,
                    0.36829090118408203,
                    0.36865925788879395,
                    0.3624598979949951,
                    0.36583924293518066
                ],
                "avg": 0.3654982089996338,
                "med": 0.36583924293518066
            },
            "converted": {
                "times": [
                    0.7237093448638916,
                    0.7246689796447754,
                    0.7262005805969238,
                    0.7218461036682129,
                    0.7252018451690674
                ],
                "avg": 0.7243253707885742,
                "med": 0.7246689796447754
            },
            "original": {
                "times": [
                    2.2894937992095947,
                    2.2744221687316895,
                    2.2850728034973145,
                    2.2979719638824463,
                    2.317831516265869
                ],
                "avg": 2.292958450317383,
                "med": 2.2894937992095947
            }
        },
        "1.0": {
            "setup": {
                "times": [
                    0.3626556396484375,
                    0.37000250816345215,
                    0.36435389518737793,
                    0.370955228805542,
                    0.3719010353088379
                ],
                "avg": 0.36797366142272947,
                "med": 0.37000250816345215
            },
            "converted": {
                "times": [
                    3.994075298309326,
                    3.898068904876709,
                    3.9230551719665527,
                    3.86333966255188,
                    3.8873844146728516
                ],
                "avg": 3.9131846904754637,
                "med": 3.898068904876709
            },
            "original": {
                "times": [
                    19.993139266967773,
                    19.560522317886353,
                    19.914252758026123,
                    19.55788278579712,
                    20.12923812866211
                ],
                "avg": 19.831007051467896,
                "med": 19.914252758026123
            }
        },
        "5.0": {
            "setup": {
                "times": [
                    0.36928343772888184,
                    0.3705403804779053,
                    0.36576366424560547,
                    0.3617875576019287,
                    0.3725442886352539
                ],
                "avg": 0.36798386573791503,
                "med": 0.36928343772888184
            },
            "converted": {
                "times": [
                    17.916403770446777,
                    17.58171558380127,
                    17.451791048049927,
                    17.588358402252197,
                    17.71819043159485
                ],
                "avg": 17.651291847229004,
                "med": 17.588358402252197
            },
            "original": {
                "times": [
                    97.95927238464355,
                    100.4937756061554,
                    98.12027335166931,
                    97.87768793106079,
                    97.62646794319153
                ],
                "avg": 98.41549544334411,
                "med": 97.95927238464355
            }
        },
        "10.0": {
            "setup": {
                "times": [
                    0.36754703521728516,
                    0.37296342849731445,
                    0.3689892292022705,
                    0.3691737651824951,
                    0.37114644050598145
                ],
                "avg": 0.3699639797210693,
                "med": 0.3691737651824951
            },
            "converted": {
                "times": [
                    35.31807041168213,
                    35.106905460357666,
                    34.84629487991333,
                    34.863017320632935,
                    34.890641927719116
                ],
                "avg": 35.00498600006104,
                "med": 34.890641927719116
            },
            "original": {
                "times": [
                    199.8804099559784,
                    198.57197284698486,
                    196.48818635940552,
                    198.94174814224243,
                    199.30850195884705
                ],
                "avg": 198.63816385269166,
                "med": 198.94174814224243
            }
        }
    }
}